{"accX_back_mid": 0.1787109375, "accY_back_mid": -0.4052734375, "accZ_back_mid": -2.03076171875, "magX_back_mid": 76.16898656898657, "magY_back_mid": -163.13357753357752, "magZ_back_mid": 14.394139194139193, "gyroX_back_mid": -0.09918212890625, "gyroY_back_mid": 1.1138916015625, "gyroZ_back_mid": 0.6103515625, "Timestamp": 1636297039.399409}