{"accX_back": -0.07666015625, "accY_back": 0.4716796875, "accZ_back": -1.91552734375, "magX_back": -135.24493284493283, "magY_back": 11.545299145299145, "magZ_back": -73.32014652014652, "gyroX_back": -0.8087158203125, "gyroY_back": 0.7781982421875, "gyroZ_back": 0.579833984375, "Timestamp": 1636119980.882893}