{"accX_back_low": 0.2333984375, "accY_back_low": -0.41943359375, "accZ_back_low": 2.04541015625, "magX_back_low": 204.06691086691086, "magY_back_low": 25.639560439560437, "magZ_back_low": 71.22100122100122, "gyroX_back_low": -1.77001953125, "gyroY_back_low": -0.5340576171875, "gyroZ_back_low": 0.83160400390625, "Timestamp": 1636311674.604241}