{"accX_back": -1.95166015625, "accY_back": 0.12158203125, "accZ_back": 0.111328125, "magX_back": -27.738705738705736, "magY_back": 63.12429792429792, "magZ_back": -151.43833943833943, "gyroX_back": -2.50244140625, "gyroY_back": 4.425048828125, "gyroZ_back": -1.678466796875, "Timestamp": 1636150639.537576}