{"accX_back_mid": 0.1552734375, "accY_back_mid": -0.77392578125, "accZ_back_mid": 1.8076171875, "magX_back_mid": -20.69157509157509, "magY_back_mid": -147.0901098901099, "magZ_back_mid": -1.4993894993894994, "gyroX_back_mid": -2.44903564453125, "gyroY_back_mid": 1.6632080078125, "gyroZ_back_mid": 0.3509521484375, "Timestamp": 1636311673.988988}