{"accX_back_low": 0.22412109375, "accY_back_low": 0.326171875, "accZ_back_low": 2.03564453125, "magX_back_low": 182.02588522588522, "magY_back_low": 57.12673992673992, "magZ_back_low": 51.279120879120875, "gyroX_back_low": -0.5035400390625, "gyroY_back_low": -0.32806396484375, "gyroZ_back_low": 0.67901611328125, "Timestamp": 1636297039.155426}