{"accX_back": -1.748046875, "accY_back": 0.41064453125, "accZ_back": 0.8994140625, "magX_back": -8.846398046398047, "magY_back": 67.17264957264958, "magZ_back": -129.0974358974359, "gyroX_back": -0.45013427734375, "gyroY_back": 1.2054443359375, "gyroZ_back": -0.6866455078125, "Timestamp": 1636182777.358794}