{"accX_neck": 0.48828125, "accY_neck": -1.83935546875, "accZ_neck": 0.55615234375, "magX_neck": 90.71306471306471, "magY_neck": -29.687912087912085, "magZ_neck": -177.2278388278388, "gyroX_neck": -2.99072265625, "gyroY_neck": 1.82342529296875, "gyroZ_neck": 0.9765625, "Timestamp": 1636297039.48709}