{"q0_neck": [0.4009653925895691, 0.30957749485969543, -0.3143821060657501, 0.800737738609314], "Timestamp": 1636421052.073241}