{"accX_neck": 0.15869140625, "accY_neck": -0.5595703125, "accZ_neck": 1.90771484375, "magX_neck": 32.836630036630034, "magY_neck": -21.14139194139194, "magZ_neck": -9.296214896214895, "gyroX_neck": -0.9613037109375, "gyroY_neck": 0.6561279296875, "gyroZ_neck": 2.227783203125, "Timestamp": 1636324626.854115}