{"accX_neck": 0.5263671875, "accY_neck": -1.22802734375, "accZ_neck": 1.4814453125, "magX_neck": 72.87032967032967, "magY_neck": 18.44249084249084, "magZ_neck": -19.34212454212454, "gyroX_neck": -1.2969970703125, "gyroY_neck": 0.81634521484375, "gyroZ_neck": 2.15911865234375, "Timestamp": 1636119992.421505}