{"accX_shoulder_l": -0.1865234375, "accY_shoulder_l": 0.3564453125, "accZ_shoulder_l": -2.0302734375, "magX_shoulder_l": -70.47130647130646, "magY_shoulder_l": -133.89548229548228, "magZ_shoulder_l": 131.04664224664225, "gyroX_shoulder_l": -0.51116943359375, "gyroY_shoulder_l": 1.82342529296875, "gyroZ_shoulder_l": 0.90789794921875, "Timestamp": 1636119987.493425}