{"accX_shoulder_r": -0.07763671875, "accY_shoulder_r": -0.40771484375, "accZ_shoulder_r": 2.04931640625, "magX_shoulder_r": 253.84664224664223, "magY_shoulder_r": 63.42417582417582, "magZ_shoulder_r": 88.16410256410256, "gyroX_shoulder_r": 0.213623046875, "gyroY_shoulder_r": -0.18310546875, "gyroZ_shoulder_r": 0.762939453125, "Timestamp": 1636119987.332925}