{"accX_back": 0.56591796875, "accY_back": -0.1552734375, "accZ_back": 1.94873046875, "magX_back": -112.9040293040293, "magY_back": 50.07960927960928, "magZ_back": -80.66715506715506, "gyroX_back": -0.5340576171875, "gyroY_back": 0.83160400390625, "gyroZ_back": 0.58746337890625, "Timestamp": 1636037582.808199}