{"accX_back": 0.021484375, "accY_back": -0.49462890625, "accZ_back": 1.986328125, "magX_back": -123.84957264957265, "magY_back": 44.53186813186813, "magZ_back": -86.36483516483516, "gyroX_back": -0.4119873046875, "gyroY_back": 0.98419189453125, "gyroZ_back": 0.518798828125, "Timestamp": 1636021311.678592}