{"accX_back": -0.2578125, "accY_back": 0.63232421875, "accZ_back": 1.94921875, "magX_back": -95.5111111111111, "magY_back": 70.92112332112332, "magZ_back": -47.98046398046398, "gyroX_back": -0.3662109375, "gyroY_back": 1.76239013671875, "gyroZ_back": 1.1138916015625, "Timestamp": 1636107053.355877}