{"accX_back": -1.19970703125, "accY_back": 0.578125, "accZ_back": 1.552734375, "magX_back": -82.31648351648352, "magY_back": 73.76996336996336, "magZ_back": -52.778510378510376, "gyroX_back": -0.213623046875, "gyroY_back": 1.31988525390625, "gyroZ_back": 0.7476806640625, "Timestamp": 1636102704.991201}