{"accX_back": -0.16455078125, "accY_back": -0.9296875, "accZ_back": 1.8212890625, "magX_back": -95.36117216117216, "magY_back": 12.594871794871795, "magZ_back": -50.829304029304026, "gyroX_back": 0.18310546875, "gyroY_back": 1.617431640625, "gyroZ_back": 0.579833984375, "Timestamp": 1636122370.281501}