{"accX_neck": 0.14453125, "accY_neck": -1.3212890625, "accZ_neck": 1.45654296875, "magX_neck": 54.877655677655675, "magY_neck": -25.03980463980464, "magZ_neck": -100.3091575091575, "gyroX_neck": -1.18255615234375, "gyroY_neck": 0.86212158203125, "gyroZ_neck": 2.62451171875, "Timestamp": 1636102705.123691}
