{"accX_neck": -0.2392578125, "accY_neck": 0.3076171875, "accZ_neck": 1.9775390625, "magX_neck": 46.93089133089133, "magY_neck": 2.998778998778999, "magZ_neck": -114.85323565323564, "gyroX_neck": -1.36566162109375, "gyroY_neck": 0.51116943359375, "gyroZ_neck": 2.41851806640625, "Timestamp": 1636037583.626523}