{"accX_neck": 0.25439453125, "accY_neck": 0.79248046875, "accZ_neck": 1.8935546875, "magX_neck": 75.11941391941392, "magY_neck": -23.54041514041514, "magZ_neck": -66.12307692307692, "gyroX_neck": -0.701904296875, "gyroY_neck": 1.007080078125, "gyroZ_neck": 2.5177001953125, "Timestamp": 1636107052.813463}