{"accX_neck": 0.3427734375, "accY_neck": -0.0224609375, "accZ_neck": 2.08154296875, "magX_neck": 85.16532356532356, "magY_neck": -30.287667887667887, "magZ_neck": -85.31526251526252, "gyroX_neck": 12.64190673828125, "gyroY_neck": 18.3563232421875, "gyroZ_neck": 1.48773193359375, "Timestamp": 1636021307.083984}