{"accX_neck": 0.61572265625, "accY_neck": -1.00390625, "accZ_neck": 1.63037109375, "magX_neck": 116.05274725274725, "magY_neck": 1.3494505494505493, "magZ_neck": 64.47374847374847, "gyroX_neck": -1.190185546875, "gyroY_neck": 0.87738037109375, "gyroZ_neck": 2.3040771484375, "Timestamp": 1636118085.937687}