{"accX_shoulder_l": 0.52978515625, "accY_shoulder_l": -0.98681640625, "accZ_shoulder_l": 1.59521484375, "magX_shoulder_l": 14.544078144078144, "magY_shoulder_l": -103.0080586080586, "magZ_shoulder_l": -18.742368742368743, "gyroX_shoulder_l": -0.4730224609375, "gyroY_shoulder_l": 1.53350830078125, "gyroZ_shoulder_l": 0.72479248046875, "Timestamp": 1636037583.263147}