{"accX_shoulder_r": 0.2919921875, "accY_shoulder_r": 0.10986328125, "accZ_shoulder_r": 2.048828125, "magX_shoulder_r": 228.5069597069597, "magY_shoulder_r": 0.4498168498168498, "magZ_shoulder_r": 29.537973137973136, "gyroX_shoulder_r": -0.9613037109375, "gyroY_shoulder_r": -0.244140625, "gyroZ_shoulder_r": 0.5950927734375, "Timestamp": 1636037583.035434}