{"accX_shoulder_r": 0.1162109375, "accY_shoulder_r": 0.3623046875, "accZ_shoulder_r": 2.0390625, "magX_shoulder_r": 232.55531135531135, "magY_shoulder_r": 63.27423687423687, "magZ_shoulder_r": 57.87643467643468, "gyroX_shoulder_r": -1.03759765625, "gyroY_shoulder_r": -0.09918212890625, "gyroZ_shoulder_r": 0.8544921875, "Timestamp": 1636102709.809021}
