{"accX_shoulder_l": 0.546875, "accY_shoulder_l": -1.75830078125, "accZ_shoulder_l": 0.71826171875, "magX_shoulder_l": 2.0991452991452992, "magY_shoulder_l": -106.15677655677655, "magZ_shoulder_l": -22.19096459096459, "gyroX_shoulder_l": 0.030517578125, "gyroY_shoulder_l": 0.9613037109375, "gyroZ_shoulder_l": 0.7476806640625, "Timestamp": 1636021306.811283}