{"accX_shoulder_r": 1.6826171875, "accY_shoulder_r": 0.56005859375, "accZ_shoulder_r": 1.1259765625, "magX_shoulder_r": 185.17460317460316, "magY_shoulder_r": 67.47252747252747, "magZ_shoulder_r": 74.06984126984126, "gyroX_shoulder_r": -0.885009765625, "gyroY_shoulder_r": -0.28228759765625, "gyroZ_shoulder_r": 0.63323974609375, "Timestamp": 1636118085.373947}