{"accX_shoulder_r": 0.44140625, "accY_shoulder_r": 0.0087890625, "accZ_shoulder_r": 2.029296875, "magX_shoulder_r": 229.7064713064713, "magY_shoulder_r": 2.0991452991452992, "magZ_shoulder_r": 29.088156288156288, "gyroX_shoulder_r": -1.28173828125, "gyroY_shoulder_r": -0.38909912109375, "gyroZ_shoulder_r": 1.007080078125, "Timestamp": 1636021307.26584}