{"accX_shoulder_l": -0.23046875, "accY_shoulder_l": -0.30859375, "accZ_shoulder_l": -2.04345703125, "magX_shoulder_l": 52.32869352869353, "magY_shoulder_l": -136.2945054945055, "magZ_shoulder_l": 30.737484737484735, "gyroX_shoulder_l": -0.1373291015625, "gyroY_shoulder_l": 1.36566162109375, "gyroZ_shoulder_l": 0.5645751953125, "Timestamp": 1636107057.456875}