{"accX_shoulder_r": 0.111328125, "accY_shoulder_r": -0.0625, "accZ_shoulder_r": -1.96728515625, "magX_shoulder_r": 258.1948717948718, "magY_shoulder_r": 48.28034188034188, "magZ_shoulder_r": 131.19658119658118, "gyroX_shoulder_r": -0.74005126953125, "gyroY_shoulder_r": 0.0457763671875, "gyroZ_shoulder_r": 0.86212158203125, "Timestamp": 1636107057.455792}