{"accX_shoulder_l": 0.1787109375, "accY_shoulder_l": 0.353515625, "accZ_shoulder_l": 1.93017578125, "magX_shoulder_l": 20.39169719169719, "magY_shoulder_l": -148.5894993894994, "magZ_shoulder_l": -15.143833943833943, "gyroX_shoulder_l": -0.00762939453125, "gyroY_shoulder_l": 1.40380859375, "gyroZ_shoulder_l": 0.63323974609375, "Timestamp": 1636102709.587012}
