{"accX_shoulder_l": 1.3427734375, "accY_shoulder_l": 1.353515625, "accZ_shoulder_l": 0.7998046875, "magX_shoulder_l": 34.635897435897434, "magY_shoulder_l": -140.34285714285713, "magZ_shoulder_l": -18.142612942612942, "gyroX_shoulder_l": -0.1373291015625, "gyroY_shoulder_l": 1.39617919921875, "gyroZ_shoulder_l": 0.7171630859375, "Timestamp": 1636118085.174903}