{"q0_back_mid": 0.38431137800216675, "q1_back_mid": -0.05197586864233017, "q2_back_mid": -0.5739033818244934, "q3_back_mid": 0.7189972996711731, "Timestamp": 1637029636.50543}