{"q0_back_low": 0.9982210993766785, "q1_back_low": -0.0010712832445278764, "q2_back_low": 0.013226510025560856, "q3_back_low": -0.0024409324396401644, "Timestamp": 1637059178.565144}