{"q0_back_mid": 0.9926384091377258, "q1_back_mid": -0.0061718774959445, "q2_back_mid": 0.015060415491461754, "q3_back_mid": 0.10502970963716507, "Timestamp": 1637182167.98795}