{"q0_back_low": -0.5981001257896423, "q1_back_low": 0.7992203235626221, "q2_back_low": -0.008584718219935894, "q3_back_low": 0.009599077515304089, "Timestamp": 1637033587.995889}