{"q0_back_mid": 0.39860042929649353, "q1_back_mid": -0.8904140591621399, "q2_back_mid": 0.16574877500534058, "q3_back_mid": -0.1442490816116333, "Timestamp": 1636972745.282632}