{"q0_back_mid": 0.9456337094306946, "q1_back_mid": -0.015100070275366306, "q2_back_mid": 0.010463764891028404, "q3_back_mid": 0.3194790184497833, "Timestamp": 1637173402.546066}