{"q0_back_low": 0.9250286221504211, "q1_back_low": 0.21643388271331787, "q2_back_low": -0.3020944595336914, "q3_back_low": -0.07885080575942993, "Timestamp": 1637182167.888927}