{"q0_back_mid": 0.9617315530776978, "q1_back_mid": -0.011466024443507195, "q2_back_mid": 0.007557355333119631, "q3_back_mid": 0.26741737127304077, "Timestamp": 1637170082.129715}