{"q0_back_mid": 0.4079121947288513, "q1_back_mid": -0.27741023898124695, "q2_back_mid": -0.4983648657798767, "q3_back_mid": 0.7106356024742126, "Timestamp": 1637033588.268348}