{"q0_back_low": -0.6857597827911377, "q1_back_low": 0.6805753111839294, "q2_back_low": 0.16179004311561584, "q3_back_low": 0.1929471641778946, "Timestamp": 1637029637.513941}