{"q0_back_mid": 0.9413862824440002, "q1_back_mid": -0.01038714312016964, "q2_back_mid": 0.009202289395034313, "q3_back_mid": 0.3320034444332123, "Timestamp": 1637173621.246281}