{"q0_back_low": 0.9954965114593506, "q1_back_low": 0.08944565802812576, "q2_back_low": -0.030894028022885323, "q3_back_low": -0.0056318254210054874, "Timestamp": 1636972742.051023}