{"q0_back_mid": 0.9893409013748169, "q1_back_mid": -0.0008971670176833868, "q2_back_mid": 0.013608294539153576, "q3_back_mid": 0.13283990323543549, "Timestamp": 1637168536.464511}