{"q0_neck": 0.9977980256080627, "q1_neck": 0.06616617739200592, "q2_neck": 0.0033506061881780624, "q3_neck": 0.003147459588944912, "Timestamp": 1636972729.363783}