{"q0_neck": 0.8375176787376404, "q1_neck": 0.3292579650878906, "q2_neck": -0.3841148018836975, "q3_neck": 0.20641972124576569, "Timestamp": 1636957065.608718}