{"q0_neck": 0.2802957594394684, "q1_neck": 0.2802957594394684, "q2_neck": 0.1718059927225113, "q3_neck": 0.694428563117981, "Timestamp": 1636880896.129285}