{"q0_neck": 0.7447859644889832, "q1_neck": -0.5233694314956665, "q2_neck": -0.18100903928279877, "q3_neck": -0.37230896949768066, "Timestamp": 1637182167.888313}