{"q0_neck": -0.8465409278869629, "q1_neck": 0.4536544978618622, "q2_neck": -0.14961141347885132, "q3_neck": 0.22802993655204773, "Timestamp": 1637033587.928479}