{"q0_neck": 0.9836006760597229, "q1_neck": -0.14619925618171692, "q2_neck": -0.07806483656167984, "q3_neck": -0.07114345580339432, "Timestamp": 1636940101.320295}