{"q0_neck": -0.7808718681335449, "q1_neck": 0.6093401908874512, "q2_neck": 0.11728795617818832, "q3_neck": 0.04477318003773689, "Timestamp": 1637029635.537085}