{"q0_neck": -0.9791982769966125, "q1_neck": -0.9791982769966125, "q2_neck": 0.18591244518756866, "q3_neck": -0.07813338190317154, "Timestamp": 1636454787.276491}