{"q0_neck": [0.9977402091026306, 0.9977402091026306, -0.06642967462539673, 0.010039892047643661], "Timestamp": 1636450481.484058}