{"q0_neck": 0.9876077175140381, "q1_neck": -0.004463944584131241, "q2_neck": 0.01534776296466589, "q3_neck": 0.14492662250995636, "Timestamp": 1637059187.559469}